time,latitude,longitude,depth,mag,magType,nst,gap,dmin,rms,net,id,updated,place,type,horizontalError,depthError,magError,magNst,status,locationSource,magSource
2019-11-05T04:13:22.590Z,33.4811668,-116.7898331,5.29,1.55,ml,72,21,0.03234,0.19,ci,ci38932823,2019-11-05T04:15:48.643Z,"8km ENE of Aguanga, CA",earthquake,0.19,0.62,0.219,25,automatic,ci,ci
2019-11-05T03:54:52.220Z,33.9848333,-116.9273333,5.12,0.83,ml,31,69,0.06496,0.16,ci,ci38932799,2019-11-05T03:58:38.221Z,"8km NE of Beaumont, CA",earthquake,0.25,0.72,0.184,29,automatic,ci,ci
2019-11-05T03:34:51.630Z,36.666832,-121.2871704,4.63,2.33,md,43,66,0.04448,0.06,nc,nc73300840,2019-11-05T03:44:03.492Z,"14km SSE of Tres Pinos, CA",earthquake,0.2,0.84,0.21,40,automatic,nc,nc
2019-11-05T03:25:02.940Z,19.2116661,-155.3823395,30.8,1.7,md,39,176,0.02942,0.14,hv,hv71216616,2019-11-05T03:28:14.020Z,"10km E of Pahala, Hawaii",earthquake,0.91,1.1,0.41,3,automatic,hv,hv
2019-11-05T03:23:28.600Z,35.8503333,-117.69,8.62,0.59,ml,15,74,0.07376,0.18,ci,ci38932759,2019-11-05T03:26:59.052Z,"22km ESE of Little Lake, CA",earthquake,0.42,1.12,0.12,8,automatic,ci,ci
2019-11-05T03:18:20.140Z,19.2163334,-155.3891602,30.82,2.23,ml,53,155,0.02248,0.12,hv,hv71216611,2019-11-05T03:24:26.880Z,"9km E of Pahala, Hawaii",earthquake,0.47,0.74,2.66,7,automatic,hv,hv
2019-11-05T03:07:44.796Z,66.4534,-157.6324,34.6,1.4,ml,,,,0.67,ak,ak019e72w4qq,2019-11-05T03:20:55.794Z,"60km SSW of Kobuk, Alaska",earthquake,,0.7,,,automatic,ak,ak
2019-11-05T03:03:34.470Z,39.9993,-118.1948,0.1,1.3,ml,10,268.35,0.848,0.4,nn,nn00709564,2019-11-05T03:28:17.880Z,"31km SE of Lovelock, Nevada",earthquake,,18,,,automatic,nn,nn
2019-11-05T03:00:22.510Z,36.5024986,-121.0761642,7.56,1.69,md,10,128,0.04935,0.07,nc,nc73300835,2019-11-05T03:44:04.292Z,"7km ESE of Pinnacles, CA",earthquake,0.54,1.32,0.2,9,automatic,nc,nc
2019-11-05T02:56:51.590Z,18.9206,-67.4711,21,2.48,md,8,298,0.5362,0.35,pr,pr2019309001,2019-11-05T03:53:19.466Z,"61km NW of San Antonio, Puerto Rico",earthquake,2.21,27.19,0.37,7,reviewed,pr,pr
2019-11-05T02:55:59.920Z,35.9243333,-117.7098333,2.33,0.45,ml,11,57,0.05367,0.14,ci,ci38932743,2019-11-05T02:59:34.110Z,"18km E of Little Lake, CA",earthquake,0.35,0.52,0.132,5,automatic,ci,ci
2019-11-05T02:54:50.272Z,60.1762,-141.1435,11.9,2,ml,,,,0.81,ak,ak019e72ksa9,2019-11-05T03:00:23.011Z,"72km E of Cape Yakataga, Alaska",earthquake,,0.2,,,automatic,ak,ak
2019-11-05T02:54:27.511Z,61.5015,-149.9058,36,1,ml,,,,0.45,ak,ak019e72kqla,2019-11-05T02:58:42.257Z,"3km SE of Big Lake, Alaska",earthquake,,2.8,,,automatic,ak,ak
2019-11-05T02:51:37.661Z,61.5731,-146.3753,31.3,1.3,ml,,,,0.75,ak,ak019e72k47p,2019-11-05T02:54:49.932Z,"49km N of Valdez, Alaska",earthquake,,0.2,,,automatic,ak,ak
2019-11-05T02:33:40.553Z,61.8925,-149.2647,2.6,1.7,ml,,,,0.83,ak,ak019e72g9oy,2019-11-05T02:38:36.658Z,"16km N of Fishhook, Alaska",earthquake,,0.2,,,automatic,ak,ak
2019-11-05T02:25:31.350Z,33.249,-116.3313333,10.7,0.74,ml,18,115,0.07442,0.17,ci,ci38932719,2019-11-05T02:29:12.021Z,"4km E of Borrego Springs, CA",earthquake,0.34,0.56,0.195,16,automatic,ci,ci
2019-11-05T02:21:00.262Z,12.6737,143.9989,35,4.5,mb,,267,1.243,0.54,us,us70006387,2019-11-05T02:38:20.040Z,"97km SW of Merizo Village, Guam",earthquake,14.4,2,0.121,20,reviewed,us,us
2019-11-05T02:13:21.800Z,35.9536667,-117.7161667,5.15,2.52,ml,34,71,0.05369,0.17,ci,ci38932711,2019-11-05T02:32:39.460Z,"17km E of Little Lake, CA",earthquake,0.22,0.6,0.186,25,automatic,ci,ci
2019-11-05T02:10:58.080Z,35.5431671,-117.5250015,3.07,1.81,ml,43,52,0.1321,0.16,ci,ci38932687,2019-11-05T02:21:45.290Z,"16km ESE of Ridgecrest, CA",earthquake,0.24,0.93,0.206,26,automatic,ci,ci
2019-11-05T02:10:38.611Z,61.5002,-141.2697,0,1.9,ml,,,,0.77,ak,ak019e72bbxk,2019-11-05T02:21:12.985Z,"168km E of Chitina, Alaska",earthquake,,0.2,,,automatic,ak,ak
2019-11-05T02:06:28.310Z,33.5371667,-116.7191667,2.62,0.9,ml,45,29,0.03197,0.19,ci,ci38932671,2019-11-05T02:10:18.243Z,"5km WSW of Anza, CA",earthquake,0.18,0.24,0.168,28,automatic,ci,ci
2019-11-05T02:06:27.400Z,33.5605011,-116.6343307,7.74,2.4,ml,18,65,0.006911,0.16,ci,ci38932679,2019-11-05T02:08:52.306Z,"4km E of Anza, CA",earthquake,0.97,1.26,0.426,9,automatic,ci,ci
2019-11-05T02:04:14.750Z,35.7961667,-117.643,6.94,0.77,ml,13,77,0.04182,0.19,ci,ci38932663,2019-11-05T02:08:00.686Z,"20km N of Ridgecrest, CA",earthquake,0.35,0.75,0.139,9,automatic,ci,ci
2019-11-05T02:00:25.230Z,35.6796667,-117.503,4.65,1.79,ml,34,57,0.07877,0.19,ci,ci38932655,2019-11-05T02:11:21.160Z,"13km SW of Searles Valley, CA",earthquake,0.25,0.56,0.181,25,automatic,ci,ci
2019-11-05T01:49:56.860Z,18.3043,-67.9958,99,2.67,md,7,181,0.9349,0.59,pr,pr2019309002,2019-11-05T03:53:29.186Z,"52km SE of Punta Cana, Dominican Republic",earthquake,6.28,5.27,0.34,3,reviewed,pr,pr
2019-11-05T01:43:57.947Z,63.0248,-149.6102,76.1,1.4,ml,,,,0.64,ak,ak019e71x0l4,2019-11-05T01:51:15.982Z,"52km SW of Cantwell, Alaska",earthquake,,0.6,,,automatic,ak,ak
2019-11-05T01:38:38.635Z,61.6358,-149.7582,20.9,2.4,ml,,,,0.93,ak,ak019e71vweh,2019-11-05T01:48:34.685Z,"3km E of Houston, Alaska",earthquake,,0.3,,,automatic,ak,ak
2019-11-05T01:38:20.910Z,33.1051667,-116.4281667,10.82,0.73,ml,22,111,0.1442,0.24,ci,ci38932647,2019-11-05T01:42:04.653Z,"16km E of Julian, CA",earthquake,0.49,0.86,0.194,13,automatic,ci,ci
2019-11-05T01:26:26.140Z,33.9421667,-116.3148333,4.8,0.75,ml,12,103,0.0781,0.13,ci,ci38932639,2019-11-05T01:30:00.136Z,"15km NNE of Thousand Palms, CA",earthquake,0.37,0.64,0.291,17,automatic,ci,ci
2019-11-05T01:23:31.430Z,39.2029991,-123.0623322,3.65,1.21,md,8,157,0.1461,0.03,nc,nc73300800,2019-11-05T01:42:02.123Z,"12km NE of Talmage, CA",earthquake,0.51,6.38,,2,automatic,nc,nc
2019-11-05T01:13:51.021Z,62.7552,-150.8276,78.5,1.4,ml,,,,0.57,ak,ak019e71qkfz,2019-11-05T01:22:07.516Z,"60km NW of Talkeetna, Alaska",earthquake,,2,,,automatic,ak,ak
2019-11-05T01:09:57.940Z,32.7245,-115.4755,7.22,1.39,ml,16,164,0.08415,0.22,ci,ci38932607,2019-11-05T01:13:39.941Z,"5km E of Heber, CA",earthquake,0.61,1.24,0.246,19,automatic,ci,ci
2019-11-05T01:07:55.498Z,59.3674,-152.8151,59.9,3.3,ml,,,,0.68,ak,ak019e71paeb,2019-11-05T01:22:07.008Z,"71km SW of Anchor Point, Alaska",earthquake,,0.4,,,automatic,ak,ak
2019-11-05T00:58:21.871Z,61.4973,-141.4341,3.6,2.5,ml,,,,0.76,ak,ak019e71epr6,2019-11-05T01:38:39.040Z,"159km E of Chitina, Alaska",earthquake,,0.5,,,automatic,ak,ak
2019-11-05T00:38:18.276Z,60.9513,-151.7633,130.2,1,ml,,,,1.1,ak,ak019e71af7n,2019-11-05T00:55:56.658Z,"38km NW of Nikiski, Alaska",earthquake,,1.2,,,automatic,ak,ak
2019-11-05T00:32:50.900Z,19.4213333,-155.2768402,-0.47,1.71,ml,19,54,0.00348,0.12,hv,hv71216451,2019-11-05T00:38:32.610Z,"4km WSW of Volcano, Hawaii",earthquake,0.18,0.21,2.84,6,automatic,hv,hv
2019-11-05T00:29:20.480Z,17.9296,-67.9315,26,2.84,md,5,316,0.6415,0.21,pr,pr2019309000,2019-11-05T03:53:08.634Z,"79km W of Pole Ojea, Puerto Rico",earthquake,2.86,18.96,0.12,2,reviewed,pr,pr
2019-11-05T00:20:15.210Z,33.11,-116.43,9.73,1.04,ml,37,61,0.1388,0.27,ci,ci38932551,2019-11-05T00:30:43.290Z,"16km ENE of Julian, CA",earthquake,0.4,1.12,0.139,25,automatic,ci,ci
2019-11-05T00:09:46.260Z,35.63,-117.583,10.87,1.03,ml,16,89,0.01383,0.2,ci,ci38932535,2019-11-05T00:13:29.066Z,"8km E of Ridgecrest, CA",earthquake,0.42,0.85,0.173,13,automatic,ci,ci
2019-11-05T00:05:30.185Z,-18.525,-175.2611,10,4.9,mb,,32,5.082,0.78,us,us70006379,2019-11-05T00:56:26.040Z,"135km W of Neiafu, Tonga",earthquake,8,1.7,0.029,367,reviewed,us,us
2019-11-05T00:01:24.836Z,61.5009,-141.2686,0.1,1.8,ml,,,,0.5,ak,ak019e712i7x,2019-11-05T00:10:08.693Z,"168km E of Chitina, Alaska",earthquake,,0.3,,,automatic,ak,ak
2019-11-04T23:59:35.767Z,61.5067,-141.3,1.6,1.8,ml,,,,0.58,ak,ak019e5rkl19,2019-11-05T00:10:08.232Z,"166km E of Chitina, Alaska",earthquake,,0.3,,,automatic,ak,ak
2019-11-04T23:24:09.773Z,66.338,-157.2889,13.8,2.6,ml,,,,0.71,ak,ak019e5rd447,2019-11-04T23:44:22.040Z,"65km SSW of Kobuk, Alaska",earthquake,,0.7,,,automatic,ak,ak
2019-11-04T23:21:49.770Z,36.0633333,-117.8505,2.29,1.51,ml,13,135,0.05425,0.11,ci,ci38932527,2019-11-04T23:25:29.275Z,"9km ENE of Coso Junction, CA",earthquake,0.2,0.22,0.229,22,automatic,ci,ci
2019-11-04T23:17:33.650Z,60.5219,-142.901,5.9,2.3,ml,,,,0.64,ak,ak019e5rbkr6,2019-11-04T23:25:15.376Z,"57km NNW of Cape Yakataga, Alaska",earthquake,,0.3,,,automatic,ak,ak
2019-11-04T23:14:48.310Z,35.4701667,-118.0961667,2.79,0.9,ml,11,80,0.07549,0.17,ci,ci38932519,2019-11-04T23:18:19.891Z,"32km SW of Inyokern, CA",earthquake,0.41,0.71,0.146,12,automatic,ci,ci
2019-11-04T23:07:11.910Z,-31.8166,-71.5483,35,4,mb,,105,0.769,1.03,us,us70006363,2019-11-05T01:22:37.793Z,"41km WSW of Illapel, Chile",earthquake,3.2,2,0.3,3,reviewed,us,us
2019-11-04T23:05:12.580Z,33.6895,-116.6078333,-0.07,0.59,ml,14,147,0.1616,0.4,ci,ci38932511,2019-11-04T23:08:59.182Z,"12km ESE of Idyllwild, CA",earthquake,1.33,31.61,0.248,6,automatic,ci,ci
2019-11-04T23:00:05.090Z,19.2173,-67.2788,19,3.09,md,17,215,0.7683,0.64,pr,pr2019308011,2019-11-04T23:34:44.040Z,"63km N of San Antonio, Puerto Rico",earthquake,2.94,8.85,0.31,13,reviewed,pr,pr
2019-11-04T22:58:20.796Z,60.4152,-147.7483,9.4,1.4,ml,,,,0.26,ak,ak019e5qyvo9,2019-11-04T23:26:56.087Z,"64km SE of Whittier, Alaska",earthquake,,0.3,,,reviewed,ak,ak
2019-11-04T22:55:11.229Z,59.6868,-152.543,250,2.5,ml,,,,0.46,ak,ak019e5qy8nm,2019-11-04T23:52:53.083Z,"41km WSW of Anchor Point, Alaska",earthquake,,8.5,,,automatic,ak,ak
2019-11-04T22:49:44.450Z,19.1583328,-155.4669952,35.15,2.15,md,42,105,0.00545,0.13,hv,hv71216381,2019-11-04T22:53:06.480Z,"5km SSE of Pahala, Hawaii",earthquake,0.54,0.8,0.04,5,automatic,hv,hv
2019-11-04T22:48:10.724Z,69.7849,-144.5402,22.8,2.2,ml,,,,0.82,ak,ak019e5qwqls,2019-11-04T22:57:59.088Z,"52km SW of Kaktovik, Alaska",earthquake,,0.9,,,automatic,ak,ak
2019-11-04T22:46:10.885Z,-18.655,-175.6966,10,5.5,mb,,89,5.479,0.82,us,us7000635n,2019-11-05T00:49:03.576Z,"180km W of Neiafu, Tonga",earthquake,9.6,1.8,0.072,67,reviewed,us,us
2019-11-04T22:43:32.668Z,-18.5737,-175.2486,13.37,6.6,mww,,53,5.064,0.91,us,us7000635e,2019-11-05T02:10:50.040Z,"133km W of Neiafu, Tonga",earthquake,8.5,4.4,0.098,10,reviewed,us,us
2019-11-04T22:42:33.800Z,35.707,-117.5861667,7.1,1.89,ml,28,62,0.08591,0.15,ci,ci38932471,2019-11-04T22:53:05.130Z,"12km NE of Ridgecrest, CA",earthquake,0.2,0.5,0.135,26,automatic,ci,ci
2019-11-04T22:41:40.430Z,18.7993,-67.2218,10,2.34,md,3,350,0.3498,0.28,pr,pr2019308013,2019-11-04T23:58:42.986Z,"36km NNW of San Antonio, Puerto Rico",earthquake,16.53,3.04,0.23,3,reviewed,pr,pr
2019-11-04T22:37:16.630Z,35.906,-117.691,2.15,1.25,ml,17,54,0.05325,0.14,ci,ci38932463,2019-11-04T22:40:56.612Z,"20km E of Little Lake, CA",earthquake,0.22,0.31,0.113,19,automatic,ci,ci
2019-11-04T22:15:43.640Z,36.0719986,-121.4766693,2.97,1.54,md,10,223,0.1976,0.03,nc,nc73300770,2019-11-05T00:33:04.059Z,"10km NE of Lopez Point, CA",earthquake,0.67,1.61,0.24,4,automatic,nc,nc
2019-11-04T21:56:25.453Z,37.5336,-118.075,0,1.4,ml,10,126.16,0.185,0.1497,nn,nn00709525,2019-11-05T02:07:51.862Z,"34km NE of Bishop, California",earthquake,,0,0.42,8,reviewed,nn,nn
2019-11-04T21:53:24.859Z,-31.8222,-71.3664,49.06,6,mww,,25,0.691,1.19,us,us70006345,2019-11-05T03:58:45.682Z,"28km SW of Illapel, Chile",earthquake,4.1,4,0.056,31,reviewed,us,us
2019-11-04T21:51:13.813Z,62.7014,-147.8015,20.4,2.6,ml,,,,0.85,ak,ak019e5qbyer,2019-11-05T01:14:39.040Z,"96km SE of Cantwell, Alaska",earthquake,,0.5,,,automatic,ak,ak
2019-11-04T21:48:48.170Z,41.1296667,-74.036,2.44,1.59,ml,13,84,0.1573,0.22,ld,ld60180751,2019-11-04T23:48:22.040Z,"1km ESE of Hillcrest, New York",earthquake,0.49,0.85,0.187,11,reviewed,ld,ld
2019-11-04T21:48:47.720Z,19.1429996,-155.4588318,34.09,2.28,md,44,173,0.01273,0.14,hv,hv71216321,2019-11-04T21:51:52.150Z,"7km SSE of Pahala, Hawaii",earthquake,0.66,0.79,0.15,16,automatic,hv,hv
2019-11-04T21:45:02.284Z,63.2349,-148.9682,72.1,1.4,ml,,,,1.1,ak,ak019e5qan7q,2019-11-04T21:51:45.244Z,"17km S of Cantwell, Alaska",earthquake,,0.6,,,automatic,ak,ak
2019-11-04T21:33:40.865Z,60.2254,-140.9944,11.2,2.1,ml,,,,0.64,ak,ak019e5q85jq,2019-11-04T21:45:12.846Z,"81km ENE of Cape Yakataga, Alaska",earthquake,,0.2,,,automatic,ak,ak
2019-11-04T21:32:49.210Z,19.1846676,-155.4418335,37.17,2.16,md,49,143,0.03485,0.1,hv,hv71216306,2019-11-04T21:38:30.700Z,"4km ESE of Pahala, Hawaii",earthquake,0.7,0.63,0.12,17,automatic,hv,hv
2019-11-04T21:24:58.350Z,63.5383,-150.9989,2,1.2,ml,,,,0.47,ak,ak019e5q69hm,2019-11-04T21:31:58.780Z,"103km W of Cantwell, Alaska",earthquake,,0.4,,,automatic,ak,ak
2019-11-04T21:23:07.030Z,61.4866,-149.9639,38.6,1.4,ml,,,,0.34,ak,ak019e5q5xta,2019-11-04T21:28:07.303Z,"3km S of Big Lake, Alaska",earthquake,,2,,,automatic,ak,ak
2019-11-04T21:21:54.070Z,34.317,-116.9166667,12.89,0.82,ml,15,169,0.05467,0.22,ci,ci38932343,2019-11-04T21:25:38.968Z,"8km N of Big Bear Lake, CA",earthquake,0.61,0.72,0.124,11,automatic,ci,ci
2019-11-04T21:19:37.880Z,35.883,-117.6856667,9.53,0.61,ml,12,110,0.07081,0.16,ci,ci38932327,2019-11-04T21:23:07.218Z,"21km ESE of Little Lake, CA",earthquake,0.42,1.02,0.165,8,automatic,ci,ci
2019-11-04T21:11:44.865Z,61.455,-150.7379,47.4,1.6,ml,,,,0.9,ak,ak019e5q3g3s,2019-11-04T21:23:15.538Z,"42km W of Big Lake, Alaska",earthquake,,1,,,automatic,ak,ak
2019-11-04T21:10:50.960Z,35.6131667,-117.4295,10.75,0.87,ml,17,78,0.03766,0.21,ci,ci38932311,2019-11-04T21:14:25.911Z,"17km S of Searles Valley, CA",earthquake,0.42,0.59,0.097,9,automatic,ci,ci
2019-11-04T21:07:54.864Z,60.1536,-151.8777,75.2,2.7,ml,,,,0.63,ak,ak019e5q2m05,2019-11-04T22:49:53.040Z,"39km SW of Cohoe, Alaska",earthquake,,1,,,automatic,ak,ak
2019-11-04T21:06:20.700Z,35.6446667,-117.4415,4.89,1.23,ml,25,58,0.06044,0.21,ci,ci38932295,2019-11-04T21:17:29.870Z,"14km SSW of Searles Valley, CA",earthquake,0.36,0.67,0.173,17,automatic,ci,ci
2019-11-04T21:02:23.050Z,46.7005,-116.8221667,-2,2.09,ml,11,72,1.311,0.22,mb,mb80370769,2019-11-04T21:58:05.090Z,"14km ESE of Moscow, Idaho",quarry blast,0.76,31.61,0.285,5,reviewed,mb,mb
2019-11-04T21:00:07.060Z,36.4266663,-121.0625,4.66,1.55,md,4,170,0.274,0.02,nc,nc73300735,2019-11-04T22:51:04.460Z,"14km SSE of Pinnacles, CA",earthquake,2.34,8.35,0.38,3,automatic,nc,nc
2019-11-04T20:52:04.484Z,45.0436,-67.0145,5,1.9,ml,,162,0.143,0.42,us,us70006383,2019-11-05T02:24:49.040Z,"5km SE of Saint Andrews, Canada",earthquake,1.5,2,0.148,6,reviewed,us,us
2019-11-04T20:47:42.600Z,33.3896667,-116.3,11.56,0.85,ml,28,132,0.02838,0.17,ci,ci38932255,2019-11-04T20:59:44.009Z,"16km NNE of Borrego Springs, CA",earthquake,0.31,0.63,0.166,24,reviewed,ci,ci
2019-11-04T20:41:34.170Z,48.0923333,-115.2431667,5.97,0.78,ml,8,189,0.365,0.17,mb,mb80370774,2019-11-04T22:10:49.020Z,"40km SE of Libby, Montana",earthquake,2.71,9.72,0.11,2,reviewed,mb,mb
2019-11-04T20:25:15.570Z,36.1026667,-117.8445,3.63,1.08,ml,11,105,0.01708,0.14,ci,ci38932215,2019-11-04T20:59:55.880Z,"11km NE of Coso Junction, CA",earthquake,0.36,0.53,0.321,7,reviewed,ci,ci
2019-11-04T20:22:42.626Z,66.1288,-156.8386,2.9,2.1,ml,,,,0.36,ak,ak019e5pkden,2019-11-04T20:33:20.284Z,"86km S of Kobuk, Alaska",earthquake,,0.6,,,automatic,ak,ak
2019-11-04T20:08:44.910Z,18.0251,-66.4705,10,2.15,md,6,246,0.1369,0.16,pr,pr2019308012,2019-11-04T23:58:18.898Z,"1km SSW of Rio Canas Abajo, Puerto Rico",earthquake,0.67,0.93,0.47,6,reviewed,pr,pr
2019-11-04T19:41:04.820Z,35.6718333,-117.5165,4.71,0.81,ml,14,110,0.06561,0.13,ci,ci38932127,2019-11-04T20:59:56.880Z,"15km SW of Searles Valley, CA",earthquake,0.3,0.57,0.194,9,reviewed,ci,ci
2019-11-04T19:40:29.630Z,35.9201667,-117.713,6.64,0.33,ml,10,127,0.05787,0.07,ci,ci38932119,2019-11-04T19:44:16.244Z,"18km E of Little Lake, CA",earthquake,0.28,0.55,0.118,4,automatic,ci,ci
2019-11-04T19:25:40.070Z,35.6426667,-117.4461667,4.73,1.37,ml,28,84,0.05728,0.18,ci,ci38932103,2019-11-04T19:36:50.900Z,"14km SSW of Searles Valley, CA",earthquake,0.31,0.6,0.184,19,automatic,ci,ci
2019-11-04T19:10:40.650Z,35.7483333,-117.5393333,3.17,0.72,ml,11,177,0.08223,0.16,ci,ci38932071,2019-11-04T19:14:20.200Z,"12km W of Searles Valley, CA",earthquake,0.73,3.24,0.063,8,automatic,ci,ci
2019-11-04T19:04:32.755Z,59.7577,-152.1841,68.7,2.4,ml,,,,0.69,ak,ak019e5ov1zg,2019-11-04T19:17:47.182Z,"19km W of Anchor Point, Alaska",earthquake,,0.6,,,automatic,ak,ak
2019-11-04T18:59:42.930Z,35.6835,-117.4193333,4.91,1.5,ml,25,74,0.1028,0.15,ci,ci38932047,2019-11-04T19:10:38.170Z,"9km S of Searles Valley, CA",earthquake,0.26,0.64,0.168,19,automatic,ci,ci
2019-11-04T18:44:37.611Z,59.8615,-152.3095,222.9,1.8,ml,,,,0.51,ak,ak019e5oi7e9,2019-11-04T19:34:30.204Z,"28km WNW of Anchor Point, Alaska",earthquake,,1.1,,,automatic,ak,ak
2019-11-04T18:33:32.130Z,36.0351667,-117.6495,-0.33,2.02,ml,25,66,0.08709,0.18,ci,ci38931999,2019-11-04T18:48:20.477Z,"26km ENE of Little Lake, CA",earthquake,0.25,31.61,0.115,25,automatic,ci,ci
2019-11-04T18:32:49.286Z,-22.1757,-176.5294,115.03,5.3,mww,,57,6.736,1.18,us,us7000630e,2019-11-04T20:34:50.276Z,"174km SW of Vaini, Tonga",earthquake,10.7,4.8,0.078,16,reviewed,us,us
2019-11-04T18:26:18.624Z,63.2227,-151.3251,4.6,1.4,ml,,,,0.7,ak,ak019e5oeb1k,2019-11-04T18:32:04.861Z,"117km NNW of Talkeetna, Alaska",earthquake,,0.7,,,automatic,ak,ak
2019-11-04T18:18:38.340Z,19.1646671,-155.451004,36.25,1.89,md,42,161,0.01397,0.08,hv,hv71216116,2019-11-04T18:21:39.880Z,"5km SE of Pahala, Hawaii",earthquake,0.55,0.72,0.02,10,automatic,hv,hv
2019-11-04T18:01:33.350Z,35.7993317,-117.6156693,7,0.93,ml,15,101,0.02204,0.16,ci,ci38931935,2019-11-04T18:05:09.248Z,"19km W of Searles Valley, CA",earthquake,0.4,0.72,0.251,6,automatic,ci,ci
2019-11-04T18:00:07.292Z,37.2331,-114.9235,0,0.9,ml,11,178.45,0.201,0.1965,nn,nn00709496,2019-11-05T02:07:31.161Z,"25km SE of Alamo, Nevada",earthquake,,0,0.22,7,reviewed,nn,nn
2019-11-04T17:58:50.740Z,46.0805,-122.503666666667,-1.19,0.88,ml,14,189,,0.21,uw,uw61558657,2019-11-04T18:28:29.310Z,"19km NNW of Amboy, Washington",explosion,0.8,31.61,0.163519621112395,8,reviewed,uw,uw
2019-11-04T17:55:02.400Z,62.2554,-148.3343,52.5,1.3,ml,,,,0.81,ak,ak019e5nz1w2,2019-11-04T17:59:35.739Z,"57km NNE of Sutton-Alpine, Alaska",earthquake,,0.9,,,automatic,ak,ak
2019-11-04T17:45:09.970Z,33.4655,-116.4233333,8.56,0.52,ml,14,81,0.05778,0.18,ci,ci38931903,2019-11-04T17:48:49.425Z,"24km N of Borrego Springs, CA",earthquake,0.38,1.03,0.069,11,automatic,ci,ci
2019-11-04T17:43:51.659Z,36.4605,-96.78333333,0,0.59,ml,12,183,0.02969417299,0.13,ok,ok2019vqgn,2019-11-04T19:51:24.064Z,"13km N of Pawnee, Oklahoma",quarry blast,,0.3,0.18,4,reviewed,ok,ok
2019-11-04T17:36:02.410Z,35.559,-117.294,3.85,0.94,ml,16,111,0.03075,0.16,ci,ci38931887,2019-11-04T17:39:46.087Z,"24km SSE of Trona, CA",earthquake,0.34,0.53,0.172,9,automatic,ci,ci
2019-11-04T17:18:09.150Z,46.8916667,-112.5235,12.27,0.89,ml,11,108,0.111,0.09,mb,mb80370719,2019-11-04T18:27:44.430Z,"13km ESE of Lincoln, Montana",earthquake,0.35,0.58,0.13,2,reviewed,mb,mb
2019-11-04T17:15:54.340Z,33.6055,-116.807,4.94,0.32,ml,19,76,0.04191,0.11,ci,ci38931831,2019-11-04T17:19:31.338Z,"14km WNW of Anza, CA",earthquake,0.31,0.5,0.126,9,automatic,ci,ci
2019-11-04T17:07:22.770Z,39.3525009,-123.2444992,4.99,1.54,md,11,130,0.06002,0.04,nc,nc73300680,2019-11-04T18:49:02.533Z,"10km NNW of Redwood Valley, CA",earthquake,0.42,1.45,0.08,8,automatic,nc,nc
2019-11-04T16:59:13.100Z,33.3636667,-116.3461667,14.08,0.54,ml,17,107,0.03063,0.22,ci,ci38931799,2019-11-04T17:02:55.862Z,"12km NNE of Borrego Springs, CA",earthquake,0.5,0.98,0.095,13,automatic,ci,ci
2019-11-04T16:58:06.558Z,39.4128,-119.8058,6.6,0.7,ml,14,78.33,0.039,0.2198,nn,nn00709528,2019-11-05T02:07:54.005Z,"12km S of Reno, Nevada",earthquake,,1.4,0.46,8,reviewed,nn,nn
2019-11-04T16:55:29.240Z,34.3321667,-116.848,-0.62,1.41,ml,30,67,0.02322,0.31,ci,ci38931791,2019-11-04T16:59:19.843Z,"8km N of Big Bear City, CA",earthquake,0.57,31.61,0.137,32,automatic,ci,ci
2019-11-04T16:48:52.740Z,35.9156667,-117.7308333,8.32,1.68,ml,26,38,0.07279,0.14,ci,ci38931775,2019-11-04T16:59:50.360Z,"16km E of Little Lake, CA",earthquake,0.21,0.54,0.195,25,automatic,ci,ci
2019-11-04T16:37:09.273Z,39.4232,-119.8242,10.6,0.2,ml,8,102.93,0.21,0.1557,nn,nn00709523,2019-11-05T02:07:49.909Z,"11km S of Reno, Nevada",earthquake,,5.5,0.47,5,reviewed,nn,nn
2019-11-04T16:25:24.632Z,-2.7959,127.835,20.33,4.7,mb,,86,3.574,0.75,us,us700062x1,2019-11-04T17:12:48.301Z,"49km NW of Piru, Indonesia",earthquake,6.3,3.6,0.098,32,reviewed,us,us
2019-11-04T16:23:32.850Z,18.5231,-66.192,22,2.24,md,6,247,0.4161,0.19,pr,pr2019308010,2019-11-04T18:49:24.865Z,"8km N of Levittown, Puerto Rico",earthquake,1.3,2.92,0.32,6,reviewed,pr,pr
2019-11-04T16:13:54.906Z,39.4142,-119.8063,6.3,1.2,ml,18,79.48,0.04,0.177,nn,nn00709492,2019-11-05T02:07:29.711Z,"12km S of Reno, Nevada",earthquake,,1.1,0.24,8,reviewed,nn,nn
2019-11-04T16:06:50.962Z,61.3437,-150.1228,35,1.4,ml,,,,0.35,ak,ak019e5n3802,2019-11-04T16:13:33.958Z,"18km NW of Anchorage, Alaska",earthquake,,0.2,,,automatic,ak,ak
2019-11-04T16:03:44.860Z,38.7926674,-122.7731705,-0.84,2.28,md,22,76,0.02308,0.15,nc,nc73300670,2019-11-04T18:22:03.388Z,"2km NW of The Geysers, CA",earthquake,0.27,1.1,0.22,17,automatic,nc,nc
2019-11-04T15:52:04.198Z,43.2756,147.766,10,4.6,mb,,177,5.574,0.85,us,us700062wt,2019-11-04T17:10:18.040Z,"102km SE of Shikotan, Russia",earthquake,13.1,2,0.092,35,reviewed,us,us
2019-11-04T15:50:25.660Z,19.3156662,-155.4259949,7.22,2,ml,44,61,0.04198,0.21,hv,hv71215951,2019-11-04T15:56:04.810Z,"13km NNE of Pahala, Hawaii",earthquake,0.45,1.04,3.62,4,automatic,hv,hv
2019-11-04T15:39:27.230Z,19.3556671,-155.5050049,6.39,2.25,ml,49,78,0.04797,0.24,hv,hv71215941,2019-11-04T15:45:07.440Z,"16km N of Pahala, Hawaii",earthquake,0.35,0.64,2.09,13,automatic,hv,hv
2019-11-04T15:22:10.760Z,19.1971664,-155.4470062,35.46,1.89,md,36,154,0.06163,0.1,hv,hv71215911,2019-11-04T15:25:24.730Z,"3km ESE of Pahala, Hawaii",earthquake,0.72,0.88,,3,automatic,hv,hv
2019-11-04T15:22:04.059Z,61.6484,-151.04,77.7,1.4,ml,,,,0.25,ak,ak019e5ml48l,2019-11-04T15:24:54.763Z,"54km WSW of Willow, Alaska",earthquake,,0.7,,,automatic,ak,ak
2019-11-04T15:19:15.020Z,35.6656667,-117.4921667,11.8,0.91,ml,15,78,0.0659,0.19,ci,ci38931663,2019-11-04T15:22:58.582Z,"14km SW of Searles Valley, CA",earthquake,0.43,1.06,0.176,8,automatic,ci,ci
2019-11-04T14:58:21.503Z,60.5941,-142.7116,18.4,1.1,ml,,,,0.91,ak,ak019e5m7fsr,2019-11-04T15:02:10.499Z,"60km NNW of Cape Yakataga, Alaska",earthquake,,0.3,,,automatic,ak,ak
2019-11-04T14:52:43.470Z,40.2988319,-124.4735031,19.27,2.86,md,14,259,0.1007,0.08,nc,nc73300650,2019-11-04T18:07:03.283Z,"16km W of Petrolia, CA",earthquake,1.79,0.42,0.08,16,automatic,nc,nc
2019-11-04T14:50:06.938Z,14.6051,119.9073,35,4.9,mb,,106,8.676,0.95,us,us700062w8,2019-11-04T17:09:18.487Z,"38km WSW of Sabang, Philippines",earthquake,9.1,2,0.051,119,reviewed,us,us
2019-11-04T14:48:20.960Z,35.8376667,-117.6803333,3.15,0.76,ml,11,96,0.07077,0.22,ci,ci38931607,2019-11-04T14:51:53.070Z,"23km ESE of Little Lake, CA",earthquake,0.51,2.07,0.173,8,automatic,ci,ci
2019-11-04T14:46:23.650Z,19.1550007,-155.4700012,36.17,2.32,md,52,142,0.007464,0.12,hv,hv71215876,2019-11-04T14:52:03.780Z,"5km S of Pahala, Hawaii",earthquake,0.59,0.72,0.17,25,automatic,hv,hv
2019-11-04T14:45:09.850Z,35.8405,-117.6773333,3.08,1.68,ml,23,99,0.06941,0.2,ci,ci38931599,2019-11-04T14:48:50.051Z,"23km ESE of Little Lake, CA",earthquake,0.26,0.62,0.206,26,automatic,ci,ci
2019-11-04T14:41:56.620Z,19.4748325,-155.5818329,-2.72,1.81,ml,10,90,0.008243,0.17,hv,hv71215871,2019-11-04T14:47:39.130Z,"29km E of Honaunau-Napoopoo, Hawaii",earthquake,0.44,0.23,0.34,3,automatic,hv,hv
2019-11-04T14:41:10.507Z,52.108,-173.6956,10.69,3.9,mb,,185,0.323,0.81,us,us700062w9,2019-11-04T18:53:40.147Z,"35km ESE of Atka, Alaska",earthquake,4.1,8.7,0.091,32,reviewed,us,us
2019-11-04T14:39:07.700Z,35.6846667,-117.5066667,2,0.84,ml,18,134,0.08057,0.16,ci,ci38931583,2019-11-04T14:42:49.505Z,"13km SW of Searles Valley, CA",earthquake,0.33,0.44,0.138,9,automatic,ci,ci
2019-11-04T14:38:47.203Z,33.5947,135.9341,413.41,4.2,mb,,95,1.721,0.48,us,us700062w0,2019-11-04T17:03:55.040Z,"16km SSW of Shingu, Japan",earthquake,11.3,8.4,0.079,44,reviewed,us,us
2019-11-04T14:36:27.520Z,57.1613,-154.6491,33.3,2.3,ml,,,,0.53,ak,ak019e5m2qgw,2019-11-04T14:46:16.910Z,"58km SW of Larsen Bay, Alaska",earthquake,,3.9,,,automatic,ak,ak
2019-11-04T14:31:44.220Z,33.7393333,-118.7716667,3.24,1.35,ml,12,112,0.3044,0.21,ci,ci38931575,2019-11-04T18:35:05.656Z,"30km S of Malibu, CA",earthquake,0.47,1.49,0.138,10,reviewed,ci,ci
2019-11-04T14:24:03.480Z,35.9264984,-117.6488342,0.81,1.35,ml,26,62,0.02139,0.15,ci,ci38931567,2019-11-04T14:27:43.405Z,"23km E of Little Lake, CA",earthquake,0.22,0.35,0.159,6,automatic,ci,ci
2019-11-04T14:19:27.246Z,63.0903,-149.0937,60.7,1.5,ml,,,,0.88,ak,ak019e5lz38w,2019-11-04T14:31:13.053Z,"34km SSW of Cantwell, Alaska",earthquake,,0.5,,,automatic,ak,ak
2019-11-04T14:16:03.370Z,38.5333328,-122.3034973,2.52,1.57,md,11,68,0.05574,0.08,nc,nc73300645,2019-11-04T17:52:04.190Z,"14km ESE of Angwin, CA",earthquake,0.32,3.48,0.21,10,automatic,nc,nc
2019-11-04T13:55:15.100Z,38.5393333,-122.3030014,2.2,1.34,md,8,134,0.1072,0.07,nc,nc73300640,2019-11-04T17:24:02.881Z,"13km ESE of Angwin, CA",earthquake,0.41,7.42,0.27,3,automatic,nc,nc
2019-11-04T13:35:49.077Z,38.1361,-115.9091,10.3,1.9,ml,12,125.64,0.332,0.2019,nn,nn00709486,2019-11-05T02:07:23.364Z,"40km E of Warm Springs, Nevada",earthquake,,3.2,0.25,9,reviewed,nn,nn
2019-11-04T13:29:48.460Z,33.652,-116.732,12.01,0.26,ml,18,87,0.06086,0.23,ci,ci38931543,2019-11-04T14:25:13.082Z,"10km S of Idyllwild, CA",earthquake,0.74,1.03,0.093,6,reviewed,ci,ci
2019-11-04T13:27:56.490Z,35.6786667,-117.5621667,7.42,0.71,ml,14,118,0.05679,0.13,ci,ci38931527,2019-11-04T14:25:22.745Z,"12km ENE of Ridgecrest, CA",earthquake,0.29,0.7,0.174,7,reviewed,ci,ci
2019-11-04T13:09:31.905Z,57.9394,-156.012,0,2.6,ml,,,,0.64,ak,ak019e5lbivh,2019-11-04T14:24:35.040Z,"91km SSE of King Salmon, Alaska",earthquake,,0.2,,,automatic,ak,ak
2019-11-04T13:03:39.655Z,-21.4073,-70.491,31.18,5.2,mww,,133,0.561,0.63,us,us700062vm,2019-11-04T22:18:01.887Z,"81km NNW of Tocopilla, Chile",earthquake,5.3,4.3,0.08,15,reviewed,us,us
2019-11-04T13:00:04.920Z,35.7281667,-117.5321667,8.41,1.02,ml,21,73,0.1023,0.13,ci,ci38931519,2019-11-04T14:25:54.340Z,"12km WSW of Searles Valley, CA",earthquake,0.26,0.85,0.095,11,reviewed,ci,ci
2019-11-04T12:52:29.190Z,35.5966667,-117.484,8.58,0.9,ml,17,107,0.007666,0.2,ci,ci38931511,2019-11-04T12:56:12.833Z,"18km E of Ridgecrest, CA",earthquake,0.36,0.67,0.091,8,automatic,ci,ci
2019-11-04T12:34:09.660Z,18.0621,-67.261,18,2,md,3,301,0.1613,0.06,pr,pr2019308009,2019-11-04T17:35:45.234Z,"7km W of Puerto Real, Puerto Rico",earthquake,1.58,2.09,0.16,3,reviewed,pr,pr
2019-11-04T12:14:00.231Z,69.1461,-144.4318,4.8,2.1,ml,,,,0.54,ak,ak019e5kr3hy,2019-11-04T12:25:19.504Z,"114km SSW of Kaktovik, Alaska",earthquake,,1.6,,,automatic,ak,ak
2019-11-04T11:51:29.910Z,35.5400009,-117.4410019,3.04,1.31,ml,18,65,0.04951,0.11,ci,ci38931463,2019-11-04T12:02:41.430Z,"23km ESE of Ridgecrest, CA",earthquake,0.32,0.37,0.239,2,automatic,ci,ci
2019-11-04T11:43:48.199Z,39.403,-120.2052,11.1,-0.5,ml,4,162.43,0.103,0.1484,nn,nn00709521,2019-11-05T02:07:48.256Z,"8km NNW of Truckee, California",earthquake,,5.2,0.04,2,reviewed,nn,nn
2019-11-04T11:29:54.590Z,35.86,-117.6795,7.86,0.36,ml,7,84,0.07993,0.03,ci,ci38931447,2019-11-04T11:33:28.181Z,"22km ESE of Little Lake, CA",earthquake,0.17,0.58,0.097,4,automatic,ci,ci
2019-11-04T11:25:59.490Z,35.7056667,-117.5856667,7.27,0.78,ml,14,118,0.08453,0.16,ci,ci38931439,2019-11-04T14:27:12.754Z,"12km NE of Ridgecrest, CA",earthquake,0.4,1.08,0.116,7,reviewed,ci,ci
2019-11-04T11:19:50.962Z,62.8311,-148.8413,11.1,1.8,ml,,,,0.83,ak,ak019e5k6uad,2019-11-04T11:25:29.543Z,"62km S of Cantwell, Alaska",earthquake,,0.3,,,automatic,ak,ak
2019-11-04T11:19:09.305Z,62.8263,-150.4435,82.8,1.6,ml,,,,0.54,ak,ak019e5k6r25,2019-11-04T11:22:08.219Z,"58km NNW of Talkeetna, Alaska",earthquake,,1,,,automatic,ak,ak
2019-11-04T11:14:34.929Z,36.46016667,-98.7655,8.9,1.26,ml,26,145,0.02609487929,0.09,ok,ok2019vpts,2019-11-04T16:18:43.065Z,"33km NW of Fairview, Oklahoma",earthquake,,0.2,0.27,5,reviewed,ok,ok
2019-11-04T11:08:45.130Z,19.1583328,-155.4708405,35.36,1.89,md,51,118,0.008743,0.1,hv,hv71215586,2019-11-04T11:12:09.590Z,"5km S of Pahala, Hawaii",earthquake,0.59,0.91,0.09,13,automatic,hv,hv
2019-11-04T11:02:43.340Z,19.1591663,-155.4555054,32.83,1.94,md,51,162,0.007281,0.13,hv,hv71215576,2019-11-04T11:06:00.120Z,"5km SSE of Pahala, Hawaii",earthquake,0.52,0.65,0.11,11,automatic,hv,hv
2019-11-04T11:01:17.280Z,33.2218333,-116.7458333,13.2,0.2,ml,17,82,0.01779,0.28,ci,ci38931415,2019-11-04T11:04:53.126Z,"3km SE of Lake Henshaw, CA",earthquake,0.71,1.28,0.123,4,automatic,ci,ci
2019-11-04T10:49:54.420Z,35.6520004,-117.4553299,3.58,1.09,ml,11,90,0.0656,0.12,ci,ci38931407,2019-11-04T10:53:33.064Z,"14km SSW of Searles Valley, CA",earthquake,0.58,1.21,0.122,4,automatic,ci,ci
2019-11-04T10:47:59.180Z,36.1525,-118.0703333,2.86,1.23,ml,19,83,0.1779,0.19,ci,ci38931399,2019-11-04T10:51:27.049Z,"16km SSW of Olancha, CA",earthquake,0.36,1.59,0.335,14,automatic,ci,ci
2019-11-04T10:42:49.220Z,34.0764999,-116.7193298,7.74,1.12,ml,41,70,0.07034,0.18,ci,ci38931391,2019-11-04T10:46:31.017Z,"13km WNW of Morongo Valley, CA",earthquake,0.3,0.74,0.282,8,automatic,ci,ci
2019-11-04T10:41:39.130Z,46.4658333333333,-119.724833333333,13.98,1.18,ml,16,124,,0.07,uw,uw61558622,2019-11-04T15:06:31.780Z,"26km NE of Sunnyside, Washington",earthquake,0.38,0.57,0.153899823730966,12,reviewed,uw,uw
2019-11-04T10:41:23.860Z,36.2143333,-117.8993333,0.46,1.72,ml,22,63,0.103,0.2,ci,ci38931383,2019-11-04T14:29:17.290Z,"12km SE of Olancha, CA",earthquake,0.33,0.68,0.163,25,reviewed,ci,ci
2019-11-04T10:39:28.590Z,33.6996667,-117.3948333,12.18,0.58,ml,12,71,0.04449,0.12,ci,ci38931375,2019-11-04T10:43:04.443Z,"7km WNW of Lake Elsinore, CA",earthquake,0.41,0.49,0.195,11,automatic,ci,ci
2019-11-04T10:38:11.200Z,33.4898333,-116.8053333,6.21,0.31,ml,20,66,0.02286,0.17,ci,ci38931367,2019-11-04T14:30:23.296Z,"8km NE of Aguanga, CA",earthquake,0.3,1.21,0.193,10,reviewed,ci,ci
2019-11-04T10:38:09.190Z,37.5735016,-118.8828354,3.8,1.15,md,13,220,0.04576,0.01,nc,nc73300595,2019-11-04T12:59:03.229Z,"11km SE of Mammoth Lakes, CA",earthquake,0.73,0.7,0.14,12,automatic,nc,nc
2019-11-04T10:33:59.550Z,46.8251667,-111.5688333,8.82,1.06,md,8,232,0.213,0.07,mb,mb80370699,2019-11-04T16:00:31.990Z,"32km ENE of Helena Valley Northeast, Montana",earthquake,1.06,0.91,0.189,6,reviewed,mb,mb
2019-11-04T10:31:22.930Z,35.8618333,-117.6903333,5.58,1.49,ml,28,47,0.08059,0.19,ci,ci38931359,2019-11-04T10:35:11.944Z,"21km ESE of Little Lake, CA",earthquake,0.25,0.83,0.178,22,automatic,ci,ci
2019-11-04T10:30:13.107Z,55.0912,111.6546,10,4.9,mb,,90,7.657,0.82,us,us700062ur,2019-11-04T12:26:13.040Z,"118km S of Novyy Uoyan, Russia",earthquake,8.8,1.9,0.031,328,reviewed,us,us
2019-11-04T10:20:28.730Z,36.696,-116.1638,1.6,0.8,ml,19,68.49,0.012,0.1752,nn,nn00709476,2019-11-04T18:14:58.366Z,"56km NNW of Pahrump, Nevada",earthquake,,2.1,0.35,9,reviewed,nn,nn
2019-11-04T10:15:11.100Z,36.231,-117.8871667,6.43,0.89,ml,15,116,0.1162,0.22,ci,ci38931351,2019-11-04T14:31:28.302Z,"12km ESE of Olancha, CA",earthquake,0.68,1.55,0.295,6,reviewed,ci,ci
2019-11-04T10:08:58.217Z,53.5387,-159.6111,41.5,2.9,ml,,,,0.61,ak,ak019e5jj62y,2019-11-04T18:30:23.522Z,"139km S of Chernabura Island, Alaska",earthquake,,10.5,,,reviewed,ak,ak
2019-11-04T10:03:49.259Z,35.71233333,-98.819,7.04,1.35,ml,22,152,0.1250754559,0.22,ok,ok2019vprj,2019-11-04T20:18:25.152Z,"7km WSW of Thomas, Oklahoma",earthquake,,0.8,0.36,6,reviewed,ok,ok
2019-11-04T09:54:15.990Z,36.1508333,-118.0735,2.75,1.21,ml,11,135,0.1801,0.16,ci,ci38931343,2019-11-04T14:32:43.307Z,"16km SSW of Olancha, CA",earthquake,0.6,2.96,0.203,13,reviewed,ci,ci
2019-11-04T09:52:25.220Z,35.6638333,-117.4833333,5.39,0.78,ml,16,133,0.06452,0.17,ci,ci38931335,2019-11-04T14:32:58.308Z,"14km SSW of Searles Valley, CA",earthquake,0.41,1.39,0.121,6,reviewed,ci,ci
2019-11-04T09:51:52.340Z,35.6645,-117.4803333,4.9,0.89,ml,16,134,0.06551,0.16,ci,ci38931319,2019-11-04T14:32:57.309Z,"13km SSW of Searles Valley, CA",earthquake,0.36,0.68,0.103,8,reviewed,ci,ci
2019-11-04T09:49:14.370Z,37.2886658,-121.7016678,10.59,1.32,md,7,160,0.03737,0.14,nc,nc73300585,2019-11-04T11:33:04.001Z,"12km E of Seven Trees, CA",earthquake,0.86,1.16,0.25,10,automatic,nc,nc
2019-11-04T09:45:50.530Z,36.4571667,-118.006,6.16,1.49,ml,15,166,0.06223,0.14,ci,ci38931311,2019-11-04T14:35:56.616Z,"16km SSE of Lone Pine, CA",earthquake,0.42,0.74,0.122,15,reviewed,ci,ci
2019-11-04T09:42:45.260Z,39.0244,-118.9189,2.1,0.8,ml,6,147.81,0.503,0.1488,nn,nn00709520,2019-11-05T02:07:47.004Z,"21km ENE of Yerington, Nevada",earthquake,,9.1,0.06,2,reviewed,nn,nn
2019-11-04T09:38:22.087Z,39.0543,-118.8929,6.9,1.1,ml,12,96.6,0.515,0.143,nn,nn00709473,2019-11-04T18:02:34.459Z,"24km ENE of Yerington, Nevada",earthquake,,6.8,0.17,8,reviewed,nn,nn
2019-11-04T09:33:32.090Z,35.25866667,-97.875,7,0.59,ml,14,99,0.0863830487,0.22,ok,ok2019vpqj,2019-11-04T20:28:52.512Z,"6km WSW of Tuttle, Oklahoma",earthquake,,0.8,0.07,3,reviewed,ok,ok
2019-11-04T09:25:51.024Z,36.7047,-116.2269,0,-0.4,ml,9,130.73,0.026,0.2078,nn,nn00709519,2019-11-05T02:07:45.567Z,"52km ESE of Beatty, Nevada",earthquake,,0,0.49,4,reviewed,nn,nn
2019-11-04T09:19:55.669Z,-25.8585,-70.7577,65.33,4.5,mb,,178,0.321,0.65,us,us700062ua,2019-11-04T09:45:03.040Z,"57km SSW of Taltal, Chile",earthquake,4.3,11.8,0.27,4,reviewed,us,us
2019-11-04T09:18:11.319Z,60.9008,-151.3436,93.2,1.3,ml,,,,0.3,ak,ak019e5izo8g,2019-11-04T09:25:09.168Z,"23km N of Nikiski, Alaska",earthquake,,1.4,,,automatic,ak,ak
2019-11-04T09:10:26.101Z,36.9157,-116.168,6.2,-0.3,ml,14,64.75,0.069,0.1491,nn,nn00709472,2019-11-04T17:56:19.232Z,"52km E of Beatty, Nevada",earthquake,,1.6,0.96,6,reviewed,nn,nn
2019-11-04T08:57:37.090Z,19.0733,-66.9203,29,2.73,md,5,314,0.9126,0.23,pr,pr2019308008,2019-11-04T11:58:27.279Z,"64km N of Isabela, Puerto Rico",earthquake,2.05,17.05,0.34,4,reviewed,pr,pr
2019-11-04T08:54:33.690Z,47.4265,-112.8466667,6.03,0.58,md,11,200,0.376,0.3,mb,mb80370734,2019-11-04T18:22:32.300Z,"53km NNW of Lincoln, Montana",earthquake,1.4,16.16,0.183,4,reviewed,mb,mb
2019-11-04T08:48:30.360Z,19.197834,-155.4291687,35.72,1.8,md,25,254,0.04952,0.09,hv,hv71215336,2019-11-04T08:51:44.570Z,"5km E of Pahala, Hawaii",earthquake,0.99,1.11,0.63,3,automatic,hv,hv
2019-11-04T08:48:00.223Z,65.8815,-147.8954,0.8,1.9,ml,,,,0.58,ak,ak019e5iknbr,2019-11-04T08:55:23.940Z,"114km N of College, Alaska",earthquake,,0.5,,,automatic,ak,ak
2019-11-04T08:38:04.610Z,35.9173333,-117.7291667,3.27,0.89,ml,18,53,0.07084,0.16,ci,ci38931303,2019-11-04T08:41:50.920Z,"16km E of Little Lake, CA",earthquake,0.27,1.13,0.081,12,automatic,ci,ci
2019-11-04T08:35:14.396Z,37.4521,-117.0697,6.4,0.7,ml,20,221.3,0.215,0.2129,nn,nn00709470,2019-11-04T17:46:59.466Z,"32km SSE of Goldfield, Nevada",earthquake,,4.1,0.34,8,reviewed,nn,nn
2019-11-04T08:33:31.260Z,37.064167,-121.5083313,5.48,1.13,md,9,90,0.04315,0.04,nc,nc73300560,2019-11-04T09:05:02.907Z,"8km NE of Gilroy, CA",earthquake,0.38,1.15,0.1,6,automatic,nc,nc
2019-11-04T08:30:50.909Z,36.17033333,-96.91883333,7.78,2.06,ml,88,38,0,0.2,ok,ok2019vpoh,2019-11-04T16:04:23.632Z,"13km ENE of Stillwater, Oklahoma",earthquake,,0.4,0.2,25,reviewed,ok,ok
2019-11-04T08:24:44.890Z,32.9635,-116.8066667,12.09,0.94,ml,31,47,0.07954,0.17,ci,ci38931295,2019-11-04T14:37:02.866Z,"5km SSW of San Diego Country Estates, CA",earthquake,0.24,0.63,0.246,16,reviewed,ci,ci
2019-11-04T08:20:31.420Z,36.0086667,-117.5056667,2.3,0.88,ml,11,136,0.1066,0.15,ci,ci38931287,2019-11-04T08:24:00.146Z,"28km NNW of Searles Valley, CA",earthquake,0.54,0.4,0.072,8,automatic,ci,ci
2019-11-04T08:14:28.390Z,35.6823333,-117.4595,6.43,0.49,ml,12,147,0.08685,0.22,ci,ci38931279,2019-11-04T14:37:18.292Z,"11km SSW of Searles Valley, CA",earthquake,0.59,1.97,0.114,7,reviewed,ci,ci
2019-11-04T08:13:05.220Z,19.0665,-66.4736,15,1.93,md,3,324,1.2365,0.1,pr,pr2019308007,2019-11-04T11:58:08.240Z,"66km N of Tierras Nuevas Poniente, Puerto Rico",earthquake,5.05,10.01,0.26,3,reviewed,pr,pr
2019-11-04T08:03:41.980Z,63.5346,-147.2966,0,1.4,ml,,,,0.68,ak,ak019e5ib3au,2019-11-04T08:06:44.578Z,"84km ENE of Cantwell, Alaska",earthquake,,0.3,,,automatic,ak,ak
2019-11-04T07:51:49.190Z,44.7653333,-110.7858333,4.81,0.6,md,13,92,0.05148,0.13,uu,uu60348827,2019-11-04T15:40:49.050Z,"27km ENE of West Yellowstone, Montana",earthquake,0.36,0.64,0.254,6,reviewed,uu,uu
2019-11-04T07:32:18.730Z,34.2448333,-116.4276667,5.36,0.79,ml,14,136,0.05128,0.26,ci,ci38931271,2019-11-04T14:38:35.520Z,"14km N of Yucca Valley, CA",earthquake,0.62,1.36,0.131,14,reviewed,ci,ci
2019-11-04T07:32:10.350Z,35.6081667,-117.4808333,5.59,1,ml,12,112,0.01288,0.2,ci,ci38931263,2019-11-04T14:39:06.470Z,"18km E of Ridgecrest, CA",earthquake,0.49,0.58,0.259,9,reviewed,ci,ci
2019-11-04T07:31:38.751Z,63.5484,-147.3059,0,1.8,ml,,,,0.61,ak,ak019e5hvnir,2019-11-04T07:35:37.457Z,"83km ENE of Cantwell, Alaska",earthquake,,0.4,,,automatic,ak,ak
2019-11-04T07:28:02.030Z,35.6761667,-117.4908333,4.83,1.19,ml,23,132,0.07639,0.19,ci,ci38931255,2019-11-04T14:40:14.470Z,"13km SW of Searles Valley, CA",earthquake,0.34,0.62,0.201,14,reviewed,ci,ci
2019-11-04T07:27:07.901Z,66.4174,-157.0077,32.1,2.4,ml,,,,1,ak,ak019e5huqa7,2019-11-04T09:18:06.040Z,"54km S of Kobuk, Alaska",earthquake,,2.7,,,automatic,ak,ak
2019-11-04T07:20:31.196Z,61.6941,-149.4615,18.5,2,ml,,,,0.72,ak,ak019e5hta4n,2019-11-04T07:33:56.505Z,"7km NNW of Tanaina, Alaska",earthquake,,0.2,,,automatic,ak,ak
2019-11-04T07:17:29.980Z,46.1111666666667,-122.353333333333,6.56,1.71,ml,23,81,,0.16,uw,uw61558607,2019-11-04T15:04:23.143Z,"23km NNE of Amboy, Washington",earthquake,0.43,0.91,0.220823221800374,9,reviewed,uw,uw
2019-11-04T07:17:12.302Z,63.531,-147.2975,0,1.4,ml,,,,0.59,ak,ak019e5hslge,2019-11-04T07:20:01.796Z,"83km ENE of Cantwell, Alaska",earthquake,,0.3,,,automatic,ak,ak
2019-11-04T07:00:08.959Z,-2.6985,140.16,34.97,4.4,mb,,81,13.469,0.42,us,us700062tf,2019-11-04T08:45:33.040Z,"47km W of Abepura, Indonesia",earthquake,12.9,5.9,0.12,20,reviewed,us,us
2019-11-04T06:57:16.080Z,61.3621,-150.3674,18,1,ml,,,,0.5,ak,ak019e5hfq2m,2019-11-04T18:24:31.533Z,"28km SW of Big Lake, Alaska",earthquake,,0.2,,,reviewed,ak,ak
2019-11-04T06:57:12.550Z,35.6651667,-84.5213333,19.63,1.35,md,4,156,0.11,0.02,se,se60093123,2019-11-04T12:59:05.660Z,"8km NW of Sweetwater, Tennessee",earthquake,0.4,0.86,0.134,4,reviewed,se,se
2019-11-04T06:48:32.080Z,37.9016685,-122.1533356,1.04,1.62,md,9,99,0.05521,0.05,nc,nc73300555,2019-11-04T15:03:21.029Z,"4km WNW of Lafayette, CA",earthquake,0.35,7.78,0.18,8,automatic,nc,nc
2019-11-04T06:38:16.391Z,60.006,-139.5422,5.1,1.4,ml,,,,0.82,ak,ak019e5hbo7b,2019-11-04T18:24:31.050Z,"52km NNE of Yakutat, Alaska",ice quake,,0.4,,,automatic,ak,ak
2019-11-04T06:32:53.799Z,58.4369,-154.8727,6.1,0.3,ml,,,,0.2,ak,ak019e5haga9,2019-11-04T18:15:18.931Z,"107km ESE of King Salmon, Alaska",earthquake,,0.9,,,reviewed,ak,ak
2019-11-04T06:32:39.180Z,19.1695004,-155.4360046,37.37,2.18,ml,14,278,0.1698,0.06,hv,hv71215041,2019-11-04T06:38:27.660Z,"6km SE of Pahala, Hawaii",earthquake,2.49,1.66,0.15,4,automatic,hv,hv
2019-11-04T06:23:41.460Z,35.8955,-117.7068333,6.01,0.35,ml,7,92,0.06953,0.11,ci,ci38931231,2019-11-04T06:27:13.412Z,"19km ESE of Little Lake, CA",earthquake,0.42,1.74,0.072,4,automatic,ci,ci
2019-11-04T06:21:55.310Z,35.8933334,-117.7076645,6.21,1.46,ml,11,90,0.0716,0.06,ci,ci38931223,2019-11-04T06:25:28.398Z,"19km ESE of Little Lake, CA",earthquake,0.44,1.14,0.613,8,automatic,ci,ci
2019-11-04T06:21:14.200Z,35.8996667,-117.715,6.09,0.56,ml,12,84,0.07119,0.15,ci,ci38931215,2019-11-04T06:25:01.785Z,"18km ESE of Little Lake, CA",earthquake,0.37,0.86,0.066,5,automatic,ci,ci
2019-11-04T06:20:09.910Z,35.9048333,-117.7468333,6.84,1.19,ml,20,65,0.07269,0.11,ci,ci38931207,2019-11-04T14:41:20.260Z,"15km ESE of Little Lake, CA",earthquake,0.2,0.47,0.228,18,reviewed,ci,ci
2019-11-04T06:19:36.350Z,37.8121667,-113.196,10.95,1.65,ml,16,47,0.1686,0.17,uu,uu60348817,2019-11-04T15:52:40.040Z,"15km WNW of Enoch, Utah",earthquake,0.41,0.82,0.409,2,reviewed,uu,uu
2019-11-04T06:16:19.820Z,19.0288,-66.539,12,2.94,md,6,291,0.5518,0.22,pr,pr2019308006,2019-11-04T07:11:33.748Z,"62km N of Tierras Nuevas Poniente, Puerto Rico",earthquake,3.88,4.45,0.05,5,reviewed,pr,pr
2019-11-04T06:13:12.390Z,33.1146667,-116.4318333,8.35,0.68,ml,26,83,0.1431,0.19,ci,ci38931199,2019-11-04T14:41:10.995Z,"16km ENE of Julian, CA",earthquake,0.37,1.4,0.196,10,reviewed,ci,ci
2019-11-04T06:10:52.650Z,35.906,-117.748,6.24,1.5,ml,21,43,0.07123,0.14,ci,ci38931191,2019-11-04T14:42:25.190Z,"15km ESE of Little Lake, CA",earthquake,0.19,0.57,0.273,20,reviewed,ci,ci
2019-11-04T05:49:30.520Z,63.5353,-147.2927,0,1.7,ml,,,,0.64,ak,ak019e5gsmk9,2019-11-04T06:01:46.953Z,"84km ENE of Cantwell, Alaska",earthquake,,0.3,,,automatic,ak,ak
2019-11-04T05:39:07.820Z,33.02,-115.9921667,4.71,1.09,ml,38,47,0.1342,0.28,ci,ci38931167,2019-11-04T05:42:46.959Z,"19km SE of Ocotillo Wells, CA",earthquake,0.4,1.62,0.191,23,automatic,ci,ci
2019-11-04T05:36:52.680Z,19.1906662,-155.4163361,32.97,1.86,md,33,159,0.04987,0.16,hv,hv71214926,2019-11-04T05:40:11.510Z,"6km ESE of Pahala, Hawaii",earthquake,0.67,1.03,0.29,9,automatic,hv,hv
2019-11-04T05:21:03.017Z,59.9272,-153.4921,138,2.3,ml,,,,0.4,ak,ak019e5gmkcd,2019-11-04T06:37:27.040Z,"74km SW of Redoubt Volcano, Alaska",earthquake,,0.4,,,reviewed,ak,ak
2019-11-04T05:20:15.660Z,35.6648333,-117.5316667,7.81,0.91,ml,15,121,0.05247,0.16,ci,ci38931159,2019-11-04T05:23:54.914Z,"14km ENE of Ridgecrest, CA",earthquake,0.37,0.87,0.216,9,automatic,ci,ci
2019-11-04T05:10:57.470Z,33.247,-116.1103333,4.01,0.82,ml,18,60,0.1031,0.27,ci,ci38931151,2019-11-04T14:47:15.535Z,"12km N of Ocotillo Wells, CA",earthquake,0.49,1.65,0.086,14,reviewed,ci,ci
2019-11-04T05:10:08.650Z,33.4808333,-115.8156667,7.69,1.77,ml,55,58,0.04265,0.2,ci,ci38931143,2019-11-04T05:21:05.730Z,"12km ESE of North Shore, CA",earthquake,0.29,0.59,0.157,27,automatic,ci,ci
2019-11-04T05:09:27.920Z,35.8528333,-117.6751667,2.65,0.45,ml,8,116,0.07316,0.18,ci,ci38931135,2019-11-04T05:13:02.729Z,"23km ESE of Little Lake, CA",earthquake,0.45,0.71,0.178,5,automatic,ci,ci
2019-11-04T05:04:57.582Z,63.5329,-147.292,0,1.4,ml,,,,0.68,ak,ak019e5gj1fi,2019-11-04T05:09:33.742Z,"84km ENE of Cantwell, Alaska",earthquake,,0.4,,,automatic,ak,ak
2019-11-04T05:01:27.432Z,63.5336,-147.297,0,1.4,ml,,,,0.72,ak,ak019e5gibye,2019-11-04T05:06:12.274Z,"83km ENE of Cantwell, Alaska",earthquake,,0.4,,,automatic,ak,ak
2019-11-04T04:56:44.889Z,-7.2988,129.1719,138.26,4.6,mb,,49,2.215,0.97,us,us700062sm,2019-11-04T05:59:37.040Z,"247km WNW of Saumlaki, Indonesia",earthquake,7.2,6.3,0.105,27,reviewed,us,us
2019-11-04T04:45:32.340Z,36.5961685,-121.2016678,7.46,2.48,md,45,66,0.02771,0.1,nc,nc73300545,2019-11-04T16:27:15.052Z,"9km NW of Pinnacles, CA",earthquake,0.23,0.51,0.19,45,automatic,nc,nc
2019-11-04T04:43:28.260Z,37.2142,-117.5154,6.3,0.1,ml,7,133.85,0.106,0.199,nn,nn00709514,2019-11-05T02:07:44.083Z,"60km SSW of Goldfield, Nevada",earthquake,,4.1,0.27,4,reviewed,nn,nn
2019-11-04T04:39:47.289Z,63.5573,-147.3157,0,2.4,ml,,,,0.77,ak,ak019e5g533o,2019-11-04T04:52:49.282Z,"83km ENE of Cantwell, Alaska",earthquake,,0.3,,,automatic,ak,ak
2019-11-04T04:39:47.280Z,19.2816,-67.4721,42,3.02,md,7,328,1.1714,0.18,pr,pr2019308005,2019-11-04T05:47:53.728Z,"95km NNW of San Antonio, Puerto Rico",earthquake,2.23,11.65,0.31,7,reviewed,pr,pr
2019-11-04T04:25:45.660Z,31.82,-116.0985,12.59,2.04,ml,20,129,0.2243,0.23,ci,ci38931095,2019-11-04T18:42:46.681Z,"46km ENE of Maneadero, B.C., MX",earthquake,0.33,0.9,0.143,26,reviewed,ci,ci
2019-11-04T04:25:21.920Z,19.271,-64.5791,40,3.69,md,10,341,1.699,0.22,pr,pr2019308004,2019-11-05T02:07:33.040Z,"83km N of Road Town, British Virgin Islands",earthquake,3.3,16.32,0.12,8,reviewed,pr,pr
2019-11-04T04:19:00.888Z,61.6554,-149.7436,24.6,2,ml,,,,0.78,ak,ak019e5g0p7p,2019-11-04T04:30:03.560Z,"4km NE of Houston, Alaska",earthquake,,0.3,,,automatic,ak,ak
